u,v,key,osmid,highway,name,oneway,ref,reversed,length,lanes,maxspeed,tunnel,width
31253600,7092267898,0,23705307,primary_link,新大橋通り,True,50,False,41.987798424376855,,,,
31253600,31253943,0,25824161,primary,新大橋通り,True,50,False,28.281910431849727,,,,
31253776,9510994556,0,879780891,primary,海岸通り,True,316,False,28.036136149471332,4,50,,
31253943,7092267898,0,894991906,primary,海岸通り,True,316,False,21.861682563041196,4,50,,
31253982,31253943,0,894991907,primary,海岸通り,True,316,False,15.890500209179857,4,50,,
31254273,1130958910,0,97685642,unclassified,木挽町通り,True,,False,109.75305812949203,,,,
31254273,7094898112,0,879780891,primary,海岸通り,True,316,False,43.788285463979165,4,50,,
31254274,31254273,0,879780891,primary,海岸通り,True,316,False,34.295761539154924,4,50,,
31254276,2172319420,0,879780891,primary,海岸通り,True,316,False,51.23242172757454,4,50,,
31254284,31254276,0,271720648,primary,海岸通り,True,316,False,19.07086639908431,4,50,,
31254284,31254298,0,"[271720704, 4848928]",primary,昭和通り,True,316,False,134.37419577016118,4,,,
31254284,1130958305,0,667962677,tertiary,御門通り,True,,False,36.62659499114356,,,,
31254286,11583657069,0,"[1245989825, 548908719, 92223192, 1245989821, 4848926]",primary,昭和通り,True,316,False,762.9334169951072,,,yes,
31254298,835996344,0,4848928,primary,昭和通り,True,316,False,59.13769353352375,,,,
31254303,835996358,0,271720622,primary,昭和通り,True,316,False,70.42653831973533,,,,
31254305,31254306,0,4848928,primary,昭和通り,True,316,False,12.540697311112083,,,,
31254305,1130958441,0,539237086,primary,晴海通り,True,304,False,42.52034816142754,3,,,
31254306,31254310,0,539237084,primary,晴海通り,True,304,False,22.829373775963507,3,,,
31254306,31254307,0,4848928,primary,昭和通り,True,316,False,131.48457490056552,,,,
31254307,31254311,0,342481201,unclassified,松屋通り,True,,False,23.07940585593812,,,,
31254307,598438985,0,4848928,primary,昭和通り,True,316,False,132.91115238349425,,,,
31254309,31254305,0,539237086,primary,晴海通り,True,304,False,23.168473561188513,3,,,
31254309,1070638565,0,580847357,primary,昭和通り,True,316,False,122.32909237938507,,,,
31254310,31254309,0,580847357,primary,昭和通り,True,316,False,11.168681786919237,,,,
31254310,1130958517,0,269150840,primary,晴海通り,True,304,False,98.00926663252962,3,,,
31254311,31254310,0,69963039,primary,昭和通り,True,316,False,135.0495803780688,,,,
31254311,1105152954,0,342481201,unclassified,松屋通り,True,,False,103.59572026925856,,,,
31254313,1130958546,0,43988828,unclassified,,True,,False,105.15003142615168,,,,
31254313,1130958407,0,895804510,tertiary,御門通り,True,,False,32.31964488285405,,,,
31254325,1130958590,0,97685754,unclassified,花椿通り,True,,False,43.538141028205686,,30,,
31254325,499185790,0,538982927,trunk,中央通り,True,15,False,133.6435455512395,2,50,,
31254332,31254325,0,1378653205,unclassified,花椿通り,True,,False,5.720811797849718,,30,,
31254332,31254333,0,196380141,trunk,中央通り,True,15,False,129.26943422960034,2,50,,
31254333,565362096,0,33847144,unclassified,交詢社通り,True,,False,46.85731746432923,,,,
31254333,473462992,0,196380141,trunk,中央通り,True,15,False,130.00988799941908,2,50,,
31254351,951247035,0,342481196,unclassified,,True,,False,110.10054321320288,,,,
31255167,598438985,0,95274352,tertiary,,False,,True,22.279686868996997,,,,
31255167,31254311,0,69963039,primary,昭和通り,True,316,False,133.9185981499813,,,,
31255183,2153861398,0,856631371,unclassified,,True,,False,74.1589922091134,1,30,,
31255183,1105125516,0,968060910,tertiary,銀座桜通り,False,,False,31.35212610008565,,,,
31255183,1070638350,0,968060910,tertiary,銀座桜通り,False,,True,63.38267631823627,,,,
31255186,1105152945,0,968060906,tertiary,銀座桜通り,False,,True,60.2029678229294,,,,
31255186,1070638366,0,968060907,tertiary,銀座桜通り,False,,False,56.34243185809588,,,,
31255186,5110457575,0,1085022605,unclassified,,True,,False,34.7074344676964,,,,
254367451,1105125307,0,539237084,primary,晴海通り,True,304,False,53.203551805457714,3,,,
258071906,258071907,0,1090618166,trunk,中央通り,True,15,False,12.552575464036563,2,50,,
258071906,565362098,0,539237085,primary,晴海通り,True,304,False,53.66728050674104,3,,,
258071907,951247020,0,539237084,primary,晴海通り,True,304,False,7.366256320639131,3,,,
258071907,565362105,0,1026056857,trunk,中央通り,True,15,False,113.6369451219989,2,50,,
258071908,499185615,0,1070720650,tertiary,銀座桜通り,False,,True,7.759157016134823,,,,
258071908,1105152856,0,"[1070720649, 1070720646]",tertiary,銀座桜通り,False,,False,53.10542090941282,2,,,
304153029,473470182,0,27695604,unclassified,並木通り,True,,False,11.936962020990574,,,,10
304153029,473471533,0,539237085,primary,晴海通り,True,304,False,32.69597671868445,3,,,
304153030,565362076,0,27695604,unclassified,並木通り,True,,False,104.88893760241632,,,,10
304153031,2135828545,0,27695605,unclassified,,True,,False,3.7619448755209404,,,,
304153031,2135828550,0,240595359,tertiary,,False,,True,5.275825860283356,2,,,
304153034,473462991,0,27695604,unclassified,並木通り,True,,False,130.31207320762064,,,,10
304153034,473470386,0,33847144,unclassified,交詢社通り,True,,False,43.97267241542536,,,,
304153036,565362121,0,46869644,unclassified,銀座マロニエ通り,False,,True,7.201428700397232,,,,
304153036,689881123,0,568498791,trunk,中央通り,True,15,False,132.76959428121813,2,50,,
387769189,565362085,0,33847144,unclassified,交詢社通り,True,,False,37.44818186335301,,,,
387769189,2019136813,0,39629507,residential,,True,,False,90.95823405038871,,,,
387769191,2135828579,0,44492913,unclassified,花椿通り,False,,False,47.32849086771473,,,,
387769191,565362081,0,44492913,unclassified,花椿通り,False,,True,31.924051591820525,,,,
473462991,304153029,0,27695604,unclassified,並木通り,True,,False,132.5659541628977,,,,10
473462991,473474086,0,39629578,unclassified,みゆき通り,True,,False,45.92079529530653,,30,,
473462992,473462993,0,39629578,unclassified,みゆき通り,True,,False,6.718082774349923,,30,,
473462992,258071906,0,196380141,trunk,中央通り,True,15,False,128.21701688822415,2,50,,
473462993,1130958981,0,39629578,unclassified,みゆき通り,True,,False,57.09463064730373,,30,,
473462993,1891432787,0,538982927,trunk,中央通り,True,15,False,130.19212038764414,2,50,,
473470166,473470198,0,27695604,unclassified,並木通り,True,,False,86.81603937061395,,,,10
473470166,510591085,0,95277526,unclassified,銀座柳通り,True,,False,45.702274276603035,,,,
473470182,1130958543,0,27695604,unclassified,並木通り,True,,False,60.7697217831212,,,,10
473470182,473474084,0,884274229,primary,晴海通り,True,304,False,52.84698851922059,3,,,
473470198,499185617,0,690198419,tertiary,銀座桜通り,False,,True,25.377822167924634,,,,
473470198,1105152922,0,690198420,tertiary,銀座桜通り,False,,False,48.00604333172544,,,,
473470385,473462991,0,39629578,unclassified,みゆき通り,True,,False,42.61223291489441,,30,,
473470385,473470386,0,240595364,unclassified,,True,,False,131.76055368688307,,30,,
473470386,2135828611,0,33847144,unclassified,交詢社通り,True,,False,32.8635240561061,,,,
473470386,565362075,0,240595364,unclassified,,True,,False,128.23854130749842,,30,,
473470387,304153030,0,27695605,unclassified,,True,,False,43.08229396239585,,,,
473470387,473470388,0,240595364,unclassified,,True,,False,91.78128806223545,,30,,
473470388,2135828535,0,1025991803,tertiary,御門通り,True,,False,38.02283447231754,,,,
473471533,473470385,0,39521243,unclassified,ソニー通り,True,,False,136.14555514408286,,30,,
473471533,2135828639,0,539237085,primary,晴海通り,True,304,False,41.69019215383849,3,,,
473471752,387769189,0,39521349,unclassified,数寄屋通り,True,,False,129.74422656295675,,,,
473471752,2135828631,0,39629578,unclassified,みゆき通り,True,,False,47.55866398601223,,30,,
473474084,565362099,0,884274229,primary,晴海通り,True,304,False,25.374352435510648,3,,,
473474085,473474086,0,39521608,unclassified,西五番街通り,True,,False,134.0200284553374,,,,
473474085,304153029,0,539237085,primary,晴海通り,True,304,False,53.52134453164675,3,,,
473474086,475008840,0,39629578,unclassified,みゆき通り,True,,False,39.71682981907981,,30,,
473474086,565362087,0,240595362,unclassified,,True,,False,130.59338721357742,,,,
473474087,565362073,0,4848930,tertiary,御門通り,True,,False,44.60775788734547,,,,
475008839,473474087,0,4848930,tertiary,御門通り,True,,False,41.59667687825573,,,,
475008839,565362079,0,39629166,residential,金春通り,False,,False,152.76431157744295,,,,
475008840,473462992,0,39629578,unclassified,みゆき通り,True,,False,48.963362657159834,,30,,
475008840,565362098,0,240595360,unclassified,銀座すずらん通り,True,,False,131.70381284326527,,,,
475010342,1130958878,0,680788593,primary,晴海通り,True,304,False,62.56061295165365,3,,,
475010342,5218144609,0,904911912,unclassified,,False,,True,16.925411356557444,,,,
475010618,6188342496,0,39520581,unclassified,銀座コリドー通り,True,,False,72.38078326649014,,,,
499185613,1105125075,0,968060910,tertiary,銀座桜通り,False,,False,37.73607027488604,,,,
499185613,1105125707,0,968060910,tertiary,銀座桜通り,False,,True,16.906763112495373,,,,
499185613,1105125539,0,95274326,unclassified,銀座三原通り,True,,False,146.25704846828742,,,,
499185615,258071908,0,1070720650,tertiary,銀座桜通り,False,,False,7.759157016134823,,,,
499185615,1105152894,0,568498791,trunk,中央通り,True,15,False,140.47699669373787,2,50,,
499185615,1105125075,0,"[1070720648, 968060910]",tertiary,銀座桜通り,False,,True,41.64174863835055,,,,
499185617,1105152881,0,690198421,tertiary,銀座桜通り,False,,True,24.025374228023175,,,,
499185617,473470198,0,690198419,tertiary,銀座桜通り,False,,False,25.377822167924634,,,,
499185632,5110457571,0,856631371,unclassified,,True,,False,30.04326930123901,1,30,,
499185632,5110476586,0,525293040,unclassified,,True,,False,60.610618228323276,,,,
499185790,1105125625,0,667962676,tertiary,御門通り,True,,False,7.600227989600194,,,,
510591085,510591086,0,95277526,unclassified,銀座柳通り,True,,False,40.01656730550748,,,,
510591085,565362116,0,39629431,unclassified,銀座レンガ通り,True,,False,128.870621989561,,,,
510591086,1105152920,0,95277526,unclassified,銀座柳通り,True,,False,48.875926416114936,,,,
510591086,7004247500,0,207093731,residential,銀座ガス灯通り,True,,False,44.18381948412752,,,,
559359752,1070638575,0,4848928,primary,昭和通り,True,316,False,126.29063286736698,,,,
559359752,559979729,0,39629550,unclassified,交詢社通り,True,,False,63.03715475668025,,,,
559359760,559979730,0,680788592,unclassified,みゆき通り,True,,False,38.77838143459674,,30,,
559359760,1130958964,0,43988828,unclassified,,True,,False,92.05222131378191,,,,
559359763,1130958602,0,39629550,unclassified,交詢社通り,True,,False,31.09792766734916,,,,
559359763,559359760,0,43988828,unclassified,,True,,False,130.41964020643425,,,,
559979729,559359763,0,39629550,unclassified,交詢社通り,True,,False,35.56304853457171,,,,
559979729,1721499345,0,44049166,unclassified,,True,,False,53.52917656406695,1,,,
559979730,559979729,0,44049166,unclassified,,True,,False,130.6195296030035,1,,,
559979730,1070638575,0,680788592,unclassified,みゆき通り,True,,False,58.781770806118715,,30,,
565362073,304153030,0,27695604,unclassified,並木通り,True,,False,76.8400095007684,,,,10
565362073,473470388,0,1025991803,tertiary,御門通り,True,,False,47.551024576190926,,,,
565362074,2135828579,0,44492913,unclassified,花椿通り,False,,True,5.149257982814962,,,,
565362074,2135828574,0,240595361,unclassified,花椿通り,True,,False,4.432533149491762,,,,
565362075,565362076,0,240595361,unclassified,花椿通り,True,,False,40.72189620968222,,,,
565362075,473470387,0,240595364,unclassified,,True,,False,103.53600669069269,,30,,
565362076,304153034,0,27695604,unclassified,並木通り,True,,False,128.3579817880394,,,,10
565362076,565362077,0,240595361,unclassified,花椿通り,True,,False,46.39901665837936,,,,
565362077,565362079,0,240595361,unclassified,花椿通り,True,,False,40.75195359578306,,,,
565362077,473474087,0,839784837,unclassified,見番通り,True,,False,165.91464657760753,,,,
565362079,475008839,0,39629166,residential,金春通り,False,,True,152.76431157744295,,,,
565362079,565362096,0,240595360,unclassified,銀座すずらん通り,True,,False,129.3092527373475,,,,
565362079,31254332,0,240595361,unclassified,花椿通り,True,,False,49.16338430745118,,,,
565362081,2019136815,0,39520581,unclassified,銀座コリドー通り,True,,False,41.0573780883925,,,,
565362081,387769191,0,44492913,unclassified,花椿通り,False,,False,31.924051591820525,,,,
565362085,475010618,0,33847144,unclassified,交詢社通り,True,,False,31.396365854248693,,,,
565362085,565362093,0,44492914,residential,泰明通り,True,,False,107.72155043654381,,,,
565362087,304153034,0,33847144,unclassified,交詢社通り,True,,False,45.7264973776991,,,,
565362087,565362077,0,240595362,unclassified,,True,,False,129.4195400301482,,,,
565362093,473471752,0,"[39629578, 660991124]",unclassified,みゆき通り,True,,False,44.70342049629897,,30,,
565362096,565362087,0,33847144,unclassified,交詢社通り,True,,False,40.45254760403924,,,,
565362096,475008840,0,240595360,unclassified,銀座すずらん通り,True,,False,130.9024014929645,,,,
565362098,473474085,0,539237085,primary,晴海通り,True,304,False,26.85614818837665,3,,,
565362099,565362103,0,207093731,residential,銀座ガス灯通り,True,,False,115.82145949523418,,,,
565362099,258071907,0,884274229,primary,晴海通り,True,304,False,55.93244286580034,3,,,
565362101,473474084,0,39629431,unclassified,銀座レンガ通り,True,,False,112.94981183184005,,,,
565362101,565362103,0,342481201,unclassified,松屋通り,True,,False,38.93965040274179,,,,
565362103,565362118,0,207093731,residential,銀座ガス灯通り,True,,False,132.7513561639184,,,,
565362103,565362105,0,342481201,unclassified,松屋通り,True,,False,49.03317375720212,,,,
565362105,689881123,0,342481201,unclassified,松屋通り,True,,False,6.058015160094142,,,,
565362105,565362121,0,1026056857,trunk,中央通り,True,15,False,132.560964565671,2,50,,
565362110,565362114,0,27695604,unclassified,並木通り,True,,False,132.76962438489707,,,,10
565362110,565362101,0,342481201,unclassified,松屋通り,True,,False,46.656646779245186,,,,
565362114,473470166,0,27695604,unclassified,並木通り,True,,False,128.58191748068063,,,,10
565362114,2882602655,0,44492916,residential,銀座マロニエ通り,True,,False,36.87827716753048,,,,
565362116,565362101,0,39629431,unclassified,銀座レンガ通り,True,,False,132.21642445144008,,,,
565362116,565362114,0,44492916,residential,銀座マロニエ通り,True,,False,46.329829217186365,,,,
565362118,565362116,0,44492916,residential,銀座マロニエ通り,True,,False,40.047334526462905,,,,
565362118,510591086,0,207093731,residential,銀座ガス灯通り,True,,False,128.64829001508724,,,,
565362121,304153036,0,46869644,unclassified,銀座マロニエ通り,False,,False,7.201428700397232,,,,
565362121,565362118,0,44492916,residential,銀座マロニエ通り,True,,False,47.84981669727086,,,,
565362121,1105152920,0,1026056857,trunk,中央通り,True,15,False,128.99496410295845,2,50,,
573250483,10154457637,0,1158715735,primary_link,晴海通り(左側の側道),True,304,False,7.769725943738635,1,,,
598438978,598438981,0,46869645,unclassified,あづま通り,True,,False,131.93678368868092,,30,,
598438978,1105125583,0,342481201,unclassified,松屋通り,True,,False,59.79363093064309,,,,
598438981,1105125509,0,46869645,unclassified,あづま通り,True,,False,129.43688458357568,,30,,
598438981,304153036,0,240392370,unclassified,銀座マロニエ通り,True,,False,54.55885407945409,,,,
598438985,31255167,0,95274352,tertiary,,False,,False,22.279686868996997,,,,
598438985,1070638617,0,4848928,primary,昭和通り,True,316,False,130.88907091664117,,,,
598438985,1105125467,0,95274316,unclassified,,True,,False,45.33391643933574,,,,
598438986,1105125670,0,46869642,unclassified,,True,,False,130.9908891562672,,,,
598438986,1105125227,0,240392370,unclassified,銀座マロニエ通り,True,,False,26.95806137575076,,,,
689881123,598438978,0,342481201,unclassified,松屋通り,True,,False,63.539387398687474,,,,
689881123,951247020,0,568498791,trunk,中央通り,True,15,False,114.14924641346374,2,50,,
835996327,1130958801,0,97685704,unclassified,,False,,True,11.207371836876053,,30,,
835996327,31254303,0,172598650,tertiary,中央市場通り,True,,False,46.894432083980035,2,,,
835996327,835996333,0,606147470,unclassified,,True,,False,70.84551381555755,,30,,
835996333,1130958910,0,651701877,tertiary,銀中通り,False,,False,35.077859979112525,,,,
835996333,31254274,0,606147470,unclassified,,True,,False,94.24831581015366,,30,,
835996333,835996358,0,651701877,tertiary,銀中通り,False,,True,62.54500425158007,,,,
835996338,878518740,0,74314564,residential,,False,,True,77.51048260428908,,,,
835996338,835996357,0,342481198,unclassified,,True,,False,69.93587191696014,,,,
835996339,951247002,0,69963030,unclassified,,True,,False,146.72598737336375,,,,
835996343,31254303,0,580847357,primary,昭和通り,True,316,False,10.255675561238293,,,,
835996343,1130958801,0,69963044,tertiary,中央市場通り,True,,False,46.88593709412629,2,,,
835996344,1721499195,0,4848928,primary,昭和通り,True,316,False,21.163126856045356,,,,
835996344,31254286,0,69963031,primary_link,昭和通り,True,316,False,36.99315705926085,1,,,
835996352,835996360,0,69963032,tertiary,銀中通り,False,,True,8.901344185101623,,,,
835996352,1130958313,0,69963032,tertiary,銀中通り,False,,False,119.78599122574542,,,,
835996352,1130958331,0,69963044,tertiary,中央市場通り,True,,False,49.48074956702928,2,,,
835996357,878518780,0,92223190,tertiary,,False,,True,69.99352541124352,,,,
835996357,1105152918,0,342481198,unclassified,,True,,False,105.15218480437309,,,,
835996358,2172319420,0,69963036,primary_link,,True,,False,91.49640543007669,1,,,
835996358,31254276,0,271720622,primary,昭和通り,True,316,False,65.95991953473056,,,,
835996358,835996333,0,651701877,tertiary,銀中通り,False,,False,62.54500425158007,,,,
835996360,835996352,0,69963032,tertiary,銀中通り,False,,False,8.901344185101623,,,,
835996360,1130958910,0,"[69963032, 651701877]",tertiary,銀中通り,False,,True,138.06787151920938,,,,
835996360,1130958558,0,172598650,tertiary,中央市場通り,True,,False,69.46043357146154,2,,,
835996368,835996343,0,580847357,primary,昭和通り,True,316,False,50.165297275851756,,,,
835996371,1130958313,0,69963032,tertiary,銀中通り,False,,True,115.55809434348804,,,,
835996371,1105152891,0,95277523,unclassified,銀中通り,True,,False,90.6896266458529,,,,
835996371,6271645596,0,240595358,unclassified,,True,,False,27.10527450768238,,30,,
878518740,1105152915,0,74314548,residential,木挽町通り,True,,False,74.16746394331962,,30,,
878518740,835996338,0,74314564,residential,,False,,False,77.5104826042891,,,,
878518740,878518784,0,74314564,residential,,False,,True,38.1767675634368,,,,
878518757,878518780,0,92223190,tertiary,,False,,False,38.66006009425483,,,,
878518757,1105152884,0,74314550,residential,,True,,False,88.60838259696115,,,,
878518757,1070638257,0,92223190,tertiary,,False,,True,39.987931047849585,,,,
878518780,878518757,0,92223190,tertiary,,False,,True,38.66006009425483,,,,
878518780,878518740,0,74314548,residential,木挽町通り,True,,False,59.55349122913772,,30,,
878518780,835996357,0,92223190,tertiary,,False,,False,69.99352541124351,,,,
878518784,878518757,0,74314550,residential,,True,,False,59.17489042542961,,,,
878518784,878518740,0,74314564,residential,,False,,False,38.1767675634368,,,,
878518784,1105152917,0,74314564,residential,,False,,True,39.060080831631964,,,,
951246999,258071906,0,568498790,primary,晴海通り,True,304,False,7.412639547977317,3,,,
951246999,473462993,0,538982927,trunk,中央通り,True,15,False,128.0116139478427,2,50,,
951247002,31254351,0,1391162948,unclassified,,True,,False,29.202992878845137,,,,
951247020,951246999,0,1090618167,trunk,中央通り,True,15,False,12.300449364047704,2,50,,
951247020,951247036,0,539237084,primary,晴海通り,True,304,False,63.2992118721813,3,,,
951247022,1105152917,0,240392347,unclassified,木挽町仲通り,True,,False,72.94474958655604,,,,
951247022,31255167,0,342481197,tertiary,,True,,False,44.76318042603316,,,,
951247034,951247022,0,342481197,tertiary,,True,,False,37.97428568037522,,,,
951247034,878518784,0,74314550,residential,,True,,False,73.80538824294156,,,,
951247035,1105152915,0,342481197,tertiary,,True,,False,74.80662027370511,,,,
951247035,835996338,0,342481198,unclassified,,True,,False,76.36894804814274,,,,
951247036,254367451,0,539237084,primary,晴海通り,True,304,False,61.7310732800965,3,,,
951247036,598438978,0,"[723856283, 723856284, 46869645]",unclassified,あづま通り,True,,False,116.84699419286169,,30,,
951247044,1105125170,0,342481201,unclassified,松屋通り,True,,False,39.44687784831297,,,,
951247044,598438986,0,46869642,unclassified,,True,,False,132.81883205932814,,,,
1070638135,31255167,0,69963039,primary,昭和通り,True,316,False,131.34458436973384,,,,
1070638135,1070638257,0,92223190,tertiary,,False,,False,49.38214730896537,,,,
1070638168,1070638350,0,968060908,tertiary,銀座桜通り,False,,False,7.804296824312698,,,,
1070638168,1070638476,0,968060911,tertiary,銀座桜通り,False,,True,7.337650837128284,,,,
1070638231,1070638168,0,760779955,primary,昭和通り,True,316,False,31.745295007340353,,,,
1070638231,1070638350,0,1245989820,primary,昭和通り,True,316,False,29.547839875839692,,,,
1070638257,878518757,0,92223190,tertiary,,False,,False,39.987931047849585,,,,
1070638257,1070638135,0,92223190,tertiary,,False,,True,49.38214730896537,,,,
1070638257,1105125657,0,240392347,unclassified,木挽町仲通り,True,,False,111.79353713939831,,,,
1070638350,5110457574,0,23489017,primary,昭和通り,True,316,False,46.85205317748321,,,,
1070638350,1070638168,0,968060908,tertiary,銀座桜通り,False,,True,7.804296824312698,,,,
1070638350,31255183,0,968060910,tertiary,銀座桜通り,False,,False,63.38267631823628,,,,
1070638366,1070638476,0,229878534,tertiary,銀座桜通り,False,,False,7.656488536115445,,,,
1070638366,31255186,0,968060907,tertiary,銀座桜通り,False,,True,56.34243185809588,,,,
1070638366,11583657070,0,1245989822,primary,昭和通り,True,316,False,31.042973121621557,,,,
1070638476,1070638366,0,229878534,tertiary,銀座桜通り,False,,True,7.656488536115445,,,,
1070638476,1070638168,0,968060911,tertiary,銀座桜通り,False,,False,7.337650837128284,,,,
1070638476,11583657070,0,968060912,primary,昭和通り,True,316,False,28.2797989451891,,,,
1070638565,1715779074,0,580847357,primary,昭和通り,True,316,False,65.99753614639982,,,,
1070638565,1130958386,0,680788592,unclassified,みゆき通り,True,,False,47.45162457324709,,30,,
1070638575,1070638565,0,680788592,unclassified,みゆき通り,True,,False,20.648490703155197,,30,,
1070638575,31254305,0,4848928,primary,昭和通り,True,316,False,122.37335920451777,,,,
1070638617,11583657069,0,4848928,primary,昭和通り,True,316,False,66.19348042913856,,,,
1105125075,499185613,0,968060910,tertiary,銀座桜通り,False,,True,37.73607027488604,,,,
1105125075,499185615,0,"[1070720648, 968060910]",tertiary,銀座桜通り,False,,False,41.64174863835055,,,,
1105125140,1105125645,0,95274341,unclassified,,True,,False,32.597076870584004,,,,
1105125140,254367451,0,723855277,unclassified,銀座三原通り,True,,False,15.251768176238691,,,,
1105125170,31254307,0,342481201,unclassified,松屋通り,True,,False,39.67717511234234,,,,
1105125170,1105125515,0,856631371,unclassified,,True,,False,128.02742800859562,1,30,,
1105125191,565362081,0,39520581,unclassified,銀座コリドー通り,True,,False,109.54362137137029,,,,
1105125191,2135828550,0,240595359,tertiary,,False,,False,50.34601575048142,2,,,
1105125227,1105125583,0,95274326,unclassified,銀座三原通り,True,,False,132.51447186745364,,,,
1105125227,598438981,0,240392370,unclassified,銀座マロニエ通り,True,,False,53.152230898889655,,,,
1105125307,1105125515,0,539237084,primary,晴海通り,True,304,False,15.083063586853516,3,,,
1105125419,1105125628,0,157296623,unclassified,,True,,False,64.26804194704259,,,,
1105125419,1105152945,0,342481198,unclassified,,True,,False,96.77247817882343,,,,
1105125467,598438986,0,95274316,unclassified,,True,,False,42.221456676519466,,,,
1105125467,1105125170,0,856631371,unclassified,,True,,False,132.14282108525506,1,30,,
1105125486,2153861395,0,1245989824,primary,昭和通り,True,316,False,33.82512945892007,,,,
1105125509,1105125075,0,46869645,unclassified,あづま通り,True,,False,146.06369231611723,,30,,
1105125509,1105125539,0,95277526,unclassified,銀座柳通り,True,,False,41.418432507745166,,,,
1105125515,31254306,0,539237084,primary,晴海通り,True,304,False,47.549633301792625,3,,,
1105125516,1105125707,0,968060910,tertiary,銀座桜通り,False,,False,10.518241942390954,,,,
1105125516,31255183,0,968060910,tertiary,銀座桜通り,False,,True,31.35212610008565,,,,
1105125539,1105125227,0,95274326,unclassified,銀座三原通り,True,,False,131.4655928174709,,,,
1105125539,1105125670,0,95277526,unclassified,銀座柳通り,True,,False,29.699434839349784,,,,
1105125583,1105125140,0,"[723855277, 95274326]",unclassified,銀座三原通り,True,,False,104.81783119294295,,,,
1105125583,951247044,0,342481201,unclassified,松屋通り,True,,False,29.019556656808412,,,,
1105125625,475008839,0,4848930,tertiary,御門通り,True,,False,51.123676016262735,,,,
1105125625,31254332,0,196380141,trunk,中央通り,True,15,False,136.3808047813543,2,50,,
1105125628,1105125657,0,157296623,unclassified,,True,,False,27.281646305477956,,,,
1105125645,951247044,0,46869642,unclassified,,True,,False,95.62884705522319,,,,
1105125645,1105125307,0,95274341,unclassified,,True,,False,42.35355170129857,,,,
1105125657,1105125486,0,157296623,unclassified,,True,,False,60.69919574853766,,,,
1105125657,31255186,0,240392347,unclassified,木挽町仲通り,True,,False,94.85942154239358,,,,
1105125670,1105125749,0,95277526,unclassified,銀座柳通り,True,,False,40.74877085609965,,,,
1105125670,1105125516,0,46869642,unclassified,,True,,False,149.67390415599618,,,,
1105125707,499185613,0,968060910,tertiary,銀座桜通り,False,,False,16.906763112495373,,,,
1105125707,1105125516,0,968060910,tertiary,銀座桜通り,False,,True,10.518241942390954,,,,
1105125749,1070638617,0,95277526,unclassified,銀座柳通り,True,,False,52.38667707231522,,,,
1105125749,1105125467,0,856631371,unclassified,,True,,False,131.1831991734805,1,30,,
1105152856,1105152881,0,1070720646,tertiary,銀座桜通り,False,,False,42.556463346844566,2,,,
1105152856,258071908,0,"[1070720649, 1070720646]",tertiary,銀座桜通り,False,,True,53.10542090941283,2,,,
1105152881,499185617,0,690198421,tertiary,銀座桜通り,False,,False,24.025374228023175,,,,
1105152881,510591085,0,39629431,unclassified,銀座レンガ通り,True,,False,103.28917037145503,,,,
1105152881,1105152856,0,1070720646,tertiary,銀座桜通り,False,,True,42.556463346844566,2,,,
1105152884,1105125628,0,74314550,residential,,True,,False,29.530931085756336,,,,
1105152891,1105152927,0,95277523,unclassified,銀中通り,True,,False,38.01305133310183,,,,
1105152894,1105125509,0,95277526,unclassified,銀座柳通り,True,,False,46.36761662458905,,,,
1105152894,304153036,0,568498791,trunk,中央通り,True,15,False,128.24871714909014,2,50,,
1105152915,1105152954,0,74314548,residential,木挽町通り,True,,False,137.37081199621227,,30,,
1105152915,951247034,0,342481197,tertiary,,True,,False,37.73897561901957,,,,
1105152917,878518784,0,74314564,residential,,False,,False,39.060080831631964,,,,
1105152917,1070638257,0,240392347,unclassified,木挽町仲通り,True,,False,57.6973216064674,,,,
1105152918,1105152884,0,97685664,residential,,True,,False,73.55556007587563,,,,
1105152918,1105125419,0,342481198,unclassified,,True,,False,32.69594460020647,,,,
1105152920,1105152894,0,95277526,unclassified,銀座柳通り,True,,False,6.786396712083074,,,,
1105152920,258071908,0,1026056857,trunk,中央通り,True,15,False,137.0872637155148,2,50,,
1105152922,2135828675,0,690198420,tertiary,銀座桜通り,False,,False,67.07961281490495,,,,
1105152922,473470198,0,690198420,tertiary,銀座桜通り,False,,True,48.00604333172544,,,,
1105152927,835996339,0,95277523,unclassified,銀中通り,True,,False,12.370130933228127,,,,
1105152927,1130958355,0,172598640,primary,晴海通り,True,304,False,60.53531180355778,3,,,
1105152945,31255186,0,968060906,tertiary,銀座桜通り,False,,False,60.2029678229294,,,,
1105152951,473470166,0,95277526,unclassified,銀座柳通り,True,,False,46.16948692853496,,,,
1105152951,1105152922,0,95277528,unclassified,,True,,False,70.40518159821546,,,,
1105152954,1130958668,0,342481201,unclassified,松屋通り,True,,False,6.456907647158374,,,,
1130958290,1130958685,0,97685613,tertiary,演舞場通り,False,,True,34.66318386970761,,,,
1130958290,1130958313,0,97685613,tertiary,演舞場通り,False,,False,73.53480105924845,,,,
1130958290,1130958573,0,97685638,unclassified,木挽町通り,True,,False,121.06004973587594,,,,
1130958305,31254313,0,"[895804509, 895804511]",tertiary,御門通り,True,,False,34.1931318084399,,,,
1130958313,835996371,0,69963032,tertiary,銀中通り,False,,False,115.55809434348805,,,,
1130958313,835996352,0,69963032,tertiary,銀中通り,False,,True,119.78599122574542,,,,
1130958313,1130958745,0,97685613,tertiary,演舞場通り,False,,False,47.012019733838315,,,,
1130958313,1130958290,0,97685613,tertiary,演舞場通り,False,,True,73.53480105924845,,,,
1130958355,1130958663,0,172598640,primary,晴海通り,True,304,False,46.53953235041777,3,,,
1130958355,1130958646,0,97685638,unclassified,木挽町通り,True,,False,128.48031584569276,,,,
1130958386,1130958663,0,97685764,residential,,True,,False,125.54946924173547,,,,
1130958386,1130958646,0,680788592,unclassified,みゆき通り,True,,False,38.19303419059368,,30,,
1130958407,1130958618,0,895804510,tertiary,御門通り,True,,False,35.00133850691679,,,,
1130958426,1130958305,0,44049166,unclassified,,True,,False,112.39339093507485,1,,,
1130958426,31254298,0,97685754,unclassified,花椿通り,True,,False,66.90889526618356,,30,,
1130958441,475010342,0,539237086,primary,晴海通り,True,304,False,73.16346616166946,3,,,
1130958441,1130958464,0,44049166,unclassified,,True,,False,14.427291092339239,1,,,
1130958464,559979730,0,44049166,unclassified,,True,,False,107.93706820666041,1,,,
1130958464,1130958964,0,97685763,unclassified,,True,,False,43.896014878669504,,,,
1130958517,835996339,0,269150840,primary,晴海通り,True,304,False,60.17056246737563,3,,,
1130958520,1891432787,0,39629550,unclassified,交詢社通り,True,,False,49.528158272749366,,,,
1130958543,565362110,0,27695604,unclassified,並木通り,True,,False,49.02938626996499,,,,10
1130958543,2135828653,0,97685625,residential,,True,,False,64.45814179488524,,,,
1130958546,1130958426,0,97685754,unclassified,花椿通り,True,,False,33.64048167290529,,30,,
1130958546,559359763,0,43988828,unclassified,,True,,False,131.23854470321783,,,,
1130958558,1130958573,0,97685673,unclassified,木挽町通り,False,,True,9.799396680928174,,,,
1130958558,835996327,0,172598650,tertiary,中央市場通り,True,,False,34.664606141731326,2,,,
1130958573,1130958558,0,97685673,unclassified,木挽町通り,False,,False,9.799396680928174,,,,
1130958573,835996352,0,69963044,tertiary,中央市場通り,True,,False,69.81945882268829,2,,,
1130958590,1130958520,0,97685619,unclassified,信楽通り,True,,False,128.9913818608824,,,,
1130958590,1130958758,0,97685754,unclassified,花椿通り,True,,False,38.47447859864626,,30,,
1130958602,1130958520,0,39629550,unclassified,交詢社通り,True,,False,46.546846608917306,,,,
1130958602,1130958758,0,97685728,unclassified,銀座三原通り,True,,False,129.6200270431073,,,,
1130958618,1130958590,0,97685619,unclassified,信楽通り,True,,False,122.65944470989159,,,,
1130958618,499185790,0,895804510,tertiary,御門通り,True,,False,39.197682203140275,,,,
1130958646,1715778976,0,97685638,unclassified,木挽町通り,True,,False,63.83415746588085,,,,
1130958646,835996371,0,680788592,unclassified,みゆき通り,True,,False,69.4843977366204,,30,,
1130958663,31254309,0,172598640,primary,晴海通り,True,304,False,48.19527934804655,3,,,
1130958668,1130958517,0,97685780,unclassified,木挽町通り,True,,False,142.93166683435905,,,,
1130958668,951247002,0,342481201,unclassified,松屋通り,True,,False,65.25133565297442,,,,
1130958685,1130958290,0,97685613,tertiary,演舞場通り,False,,False,34.66318386970761,,,,
1130958685,1130958976,0,97685613,tertiary,演舞場通り,False,,True,42.00744496225073,,,,
1130958685,1715779072,0,159457555,residential,,False,,True,59.08679139801842,,,,
1130958745,1130958313,0,97685613,tertiary,演舞場通り,False,,True,47.012019733838315,,,,
1130958745,1130958331,0,97685661,unclassified,,True,,False,118.97863876285669,,,,
1130958758,1130958407,0,97685728,unclassified,銀座三原通り,True,,False,111.77176506984445,,,,
1130958758,1130958546,0,97685754,unclassified,花椿通り,True,,False,31.343273534599298,,30,,
1130958801,1130958573,0,69963044,tertiary,中央市場通り,True,,False,34.31977974859301,2,,,
1130958801,835996327,0,97685704,unclassified,,False,,False,11.207371836876053,,30,,
1130958801,1130958685,0,97685735,unclassified,,True,,False,120.7719491385142,,,,
1130958878,951246999,0,680788593,primary,晴海通り,True,304,False,63.15513157769294,3,,,
1130958910,835996333,0,651701877,tertiary,銀中通り,False,,True,35.077859979112525,,,,
1130958910,1130958558,0,97685642,unclassified,木挽町通り,True,,False,71.1635991335524,,,,
1130958910,835996360,0,"[69963032, 651701877]",tertiary,銀中通り,False,,False,138.06787151920938,,,,
1130958932,1130958602,0,97685728,unclassified,銀座三原通り,True,,False,131.15346934235427,,,,
1130958932,559359760,0,680788592,unclassified,みゆき通り,True,,False,29.842116990486375,,30,,
1130958964,5218144609,0,97685763,unclassified,,True,,False,32.0537716823537,,,,
1130958976,835996368,0,580847357,primary,昭和通り,True,316,False,71.70205158626946,,,,
1130958976,1130958685,0,97685613,tertiary,演舞場通り,False,,False,42.00744496225073,,,,
1130958981,1130958932,0,39629578,unclassified,みゆき通り,True,,False,53.01194540538942,,30,,
1130958981,1130958878,0,240392412,unclassified,あづま通り,True,,False,127.4944344739258,,,,
1715778976,1715779072,0,159457557,residential,,False,,True,38.65987514300931,,,,
1715778976,1130958290,0,97685638,unclassified,木挽町通り,True,,False,57.27219017882428,,,,
1715779072,1715778976,0,159457557,residential,,False,,False,38.65987514300931,,,,
1715779072,1130958685,0,159457555,residential,,False,,False,59.08679139801842,,,,
1715779072,1715779074,0,159457557,residential,,False,,True,42.87522474245921,,,,
1715779074,1130958976,0,580847357,primary,昭和通り,True,316,False,60.614587180374194,,,,
1715779074,1715779072,0,159457557,residential,,False,,False,42.87522474245921,,,,
1721499195,559359752,0,4848928,primary,昭和通り,True,316,False,54.849633757275626,,,,
1721499195,1721499345,0,160074527,unclassified,,True,,False,65.58319186101733,,,,
1721499345,1130958426,0,44049166,unclassified,,True,,False,79.61679325552541,1,,,
1891432787,31254333,0,39629550,unclassified,交詢社通り,True,,False,7.102881486574394,,,,
1891432787,31254325,0,538982927,trunk,中央通り,True,15,False,129.53579953644328,2,50,,
2019136813,387769191,0,39629507,residential,,True,,False,38.08960377530688,,,,
2019136813,2019136815,0,191324188,unclassified,,False,,False,43.92210624038924,,,,
2019136815,475010618,0,39520581,unclassified,銀座コリドー通り,True,,False,93.74369783022658,,,,
2019136815,2019136813,0,191324188,unclassified,,False,,True,43.92210624038924,,,,
2135828535,2135828537,0,726941893,tertiary,御門通り,True,,False,8.558567900243522,,,,
2135828537,1105125191,0,39520581,unclassified,銀座コリドー通り,True,,False,113.67432616626374,,,,
2135828537,2135828550,0,319196850,secondary,外堀通り,True,405,False,101.19991071613507,,,,
2135828545,473470387,0,27695605,unclassified,,True,,False,33.654929264167016,,,,
2135828545,2135828535,0,319195388,secondary,外堀通り,True,405,False,101.83662121053565,,,,
2135828550,304153031,0,240595359,tertiary,,False,,False,5.275825860283356,2,,,
2135828550,1105125191,0,240595359,tertiary,,False,,True,50.34601575048142,2,,,
2135828550,2135828579,0,319196850,secondary,外堀通り,True,405,False,103.3947234128102,,,,
2135828574,565362075,0,240595361,unclassified,花椿通り,True,,False,33.02704167842997,,,,
2135828574,2135828545,0,319195388,secondary,外堀通り,True,405,False,103.7304939520948,,,,
2135828579,565362074,0,44492913,unclassified,花椿通り,False,,False,5.149257982814962,,,,
2135828579,387769191,0,44492913,unclassified,花椿通り,False,,True,47.328490867714734,,,,
2135828579,2135828613,0,319196850,secondary,外堀通り,True,405,False,129.38241432532317,,,,
2135828611,2135828613,0,33847144,unclassified,交詢社通り,True,,False,7.7583656231718,,,,
2135828611,2135828574,0,319195388,secondary,外堀通り,True,405,False,129.22237387945992,,,,
2135828613,387769189,0,33847144,unclassified,交詢社通り,True,,False,47.27823442867242,,,,
2135828613,2135828631,0,319196850,secondary,外堀通り,True,405,False,131.42371687268263,,,,
2135828629,473470385,0,39629578,unclassified,みゆき通り,True,,False,32.22214945007057,,30,,
2135828629,2135828611,0,319195388,secondary,外堀通り,True,405,False,131.64777223528912,,,,
2135828631,2135828629,0,39629578,unclassified,みゆき通り,True,,False,7.742823667529365,,30,,
2135828631,2135828641,0,319196850,secondary,外堀通り,True,405,False,131.94311259825417,,,,
2135828639,2135828641,0,682718132,primary,晴海通り,True,304,False,9.517661783781092,3,,,
2135828639,2135828629,0,319195388,secondary,外堀通り,True,405,False,131.55965330211572,,,,
2135828641,2135828644,0,942581089,secondary,外堀通り,True,405,False,10.79399050930418,,,,
2135828641,573250483,0,"[459563825, 942581084]",primary,晴海通り,True,304,False,40.05492608267971,4,,,
2135828643,2135828639,0,942581087,secondary,外堀通り,True,405,False,11.15441801377873,,,,
2135828643,473470182,0,"[942581082, 884274229]",primary,晴海通り,True,304,False,74.32763756260374,3,,,
2135828644,2135828643,0,942581088,primary,晴海通り,True,304,False,9.313320244777481,3,,,
2135828644,3949376510,0,"[942581083, 319195387]",secondary,外堀通り,True,405,False,113.50991811400641,,,,
2135828653,2135828643,0,342481199,secondary,外堀通り,True,405,False,62.28058662225554,,,,
2135828659,2135828653,0,342481199,secondary,外堀通り,True,405,False,51.548751785060304,,,,
2135828659,565362110,0,342481201,unclassified,松屋通り,True,,False,55.13913813279513,,,,
2135828662,2135828666,0,319195387,secondary,外堀通り,True,405,False,95.30345561925743,,,,
2135828665,2135828666,0,240392373,residential,,True,,False,10.916264625646443,,,,
2135828665,2135828659,0,922026090,secondary,外堀通り,True,405,False,132.34958515806323,,,,
2135828666,2135828672,0,319195387,secondary,外堀通り,True,405,False,120.41167387454448,,,,
2135828671,1105152951,0,95277526,unclassified,銀座柳通り,True,,False,53.462860576611405,,,,
2135828671,2135828665,0,922026090,secondary,外堀通り,True,405,False,127.73734000867834,,,,
2135828672,2135828671,0,"[263802549, 95277526]","['tertiary', 'unclassified']",銀座柳通り,True,,False,13.949297219175119,,,,
2135828672,8559939434,0,319195387,secondary,外堀通り,True,405,False,58.04248480756551,,,,
2135828675,8559939434,0,922026089,tertiary_link,,False,,False,10.268620005067845,,,,
2135828675,1105152922,0,690198420,tertiary,銀座桜通り,False,,True,67.07961281490495,,,,
2135828675,2135828671,0,922026090,secondary,外堀通り,True,405,False,51.748082859351726,,,,
2153861395,1070638135,0,69963039,primary,昭和通り,True,316,False,63.51549953125301,,,,
2153861395,835996368,0,"[1245989826, 92223208, 760778286, 760779954, 4848924, 1245989823]",primary,昭和通り,True,316,False,794.5887763573156,,,yes,
2153861397,1070638231,0,1245989819,primary,昭和通り,True,316,False,50.02885085202231,,,,
2153861397,2153861398,0,205411851,residential,,False,,True,63.555995938460725,,,,
2153861398,2153861397,0,205411851,residential,,False,,False,63.55599593846073,,,,
2153861398,1105125749,0,856631371,unclassified,,True,,False,80.76096790614712,1,30,,
2172319420,31254274,0,879780891,primary,海岸通り,True,316,False,42.541857908518196,4,50,,
2882602655,2135828665,0,44492916,residential,銀座マロニエ通り,True,,False,39.104635296531114,,,,
2882602655,1105152951,0,95277528,unclassified,,True,,False,128.79567991642074,,,,
3949376510,2135828659,0,391900818,unclassified,松屋通り,True,,False,10.652661327974853,,,,
3949376510,2135828662,0,319195387,secondary,外堀通り,True,405,False,35.27102285421856,,,,
5110457571,5110457574,0,525291476,tertiary,,False,,False,59.662038816219635,,,,
5110457571,31255183,0,856631371,unclassified,,True,,False,49.489635575683124,1,30,,
5110457574,5110476586,0,23489017,primary,昭和通り,True,316,False,31.766726333367064,,,,
5110457574,5110457571,0,525291476,tertiary,,False,,True,59.662038816219635,,,,
5110457575,5110457577,0,525291477,tertiary,,False,,False,52.51913832531251,,,,
5110457577,5110457575,0,525291477,tertiary,,False,,True,52.51913832531251,,,,
5110457577,1070638366,0,968060905,primary,昭和通り,True,316,False,43.97628322619888,,,,
5218144609,1130958932,0,904911911,unclassified,,True,,False,106.31214951824688,,,,
5218144609,475010342,0,904911912,unclassified,,False,,False,16.925411356557444,,,,
6188342496,565362093,0,"[660991124, 39520581]",unclassified,"['銀座コリドー通り', 'みゆき通り']",True,,False,67.07793565922867,,,,
7004247499,7004247500,0,748989992,residential,,False,,False,14.050952196860054,,,,
7004247500,1105152856,0,207093731,residential,銀座ガス灯通り,True,,False,73.65279978462533,,,,
7004247500,7004247499,0,748989992,residential,,False,,True,14.050952196860054,,,,
7094898112,31253776,0,879780891,primary,海岸通り,True,316,False,47.19788002863755,4,50,,
8559939434,2135828675,0,922026089,tertiary_link,,False,,True,10.268620005067845,,,,
9510994556,31253982,0,"[879780891, 271720683]",primary,海岸通り,True,316,False,61.6823457494713,4,50,,
10154457637,473471752,0,39521349,unclassified,数寄屋通り,True,,False,125.91940865962252,,,,
11583657069,2153861397,0,1245989819,primary,昭和通り,True,316,False,28.22254215687745,,,,
11583657070,1105125486,0,1245989824,primary,昭和通り,True,316,False,52.3419052657584,,,,
